alpha_d,alpha_g,batch_size,num_batches,id_acf_score,squared_acf_score,le_score,wass_avg,avg_divergence
0.5,0.5,10,10,0.5310419502700623,1.2300962128464528,0.5949680183840019,0.0008330713225044,0.8062103836360411
0.5,1.0,10,10,0.5012282249560703,1.235836656102477,0.48513065139176464,0.0008494119966011892,0.8077160338698284
