alpha_d,alpha_g,batch_size,num_batches,id_acf_score,squared_acf_score,le_score,wass_avg,avg_divergence
0.5,0.5,10,10,0.5340076791876628,1.2343007887231618,0.5733633951457999,0.0008297163550774,0.8066317205342821
0.5,1.0,10,10,0.5315736148136759,1.2254420663340355,0.5966324480037584,0.0008331947429193,0.7837630395696341
1.0,1.0,1000,1000,0.5088670287814687,1.2073362384875976,0.4791789755198283,0.0006782401405689876,0.7127878700031484
