alpha_d,alpha_g,batch_size,num_batches,id_acf_score,squared_acf_score,le_score,wass_avg,avg_divergence
0.5,0.5,10,10,0.5310419502700623,1.2300962128464528,0.5949680183840019,0.0008330713225044,0.8062103836360411
0.5,1.0,10,10,0.5014766391251075,1.2341623508322577,0.508873261396498,0.000853423855632,0.7971602173828648
0.5,3.0,10,10,0.5028901533669108,1.238909964422388,0.4941451808237471,0.0008984799694114994,0.776664300220332
